"station_id","name","lat","lon"
"fc253910-9174-4cff-a1a7-371cb5c6d373","PON009","45,124137","5,694504"
"6121b275-88ea-4743-a241-6151481f3923","PON018","45,127347","5,699064"
"94a2ce1f-94b6-48e2-8683-b393ecf0be68","SMH021","45,181036","5,765557"
"6599099f-0c06-45c2-9bb6-ec7a5a43d84c","SEG024","45,241987","5,680802"
"f5268b71-997c-49d3-a5fe-fbf37e54626a","GRE162","45,19354","5,71191"
"1800140c-4724-4e7f-a76f-fcc4c8425d67","GRE121","45,191372","5,716588"
"b5d14ab4-f1da-4527-a1af-36f22ecf7228","ECH038","45,147979","5,693099"
"18f8a355-8814-42d9-ae3d-d04daa79473c","GRE203","45,18089","5,72214"
"bc958d55-73e5-42b0-84ee-de2d46e0d6eb","MEY033","45,210298","5,799255"
"7c0c696e-98ab-4098-9062-cc1a2290516f","SAS005","45,206689","5,662459"
"454a6a1a-088e-45be-9ea4-d692bbc277e4","PON011","45,120023","5,701145"
"0f0531f9-3ffe-4678-8023-aa381e3359d0","GRE110","45,190017","5,715555"
"f9dd870b-87c2-431c-a294-72b66f38a61d","SAS009","45,207698","5,680287"
"b58b0148-f5f2-4f03-9553-9f62b9ee1349","DUA018","45,19193","5,77379"
"3fb7484d-6a6b-4809-ad2b-74d1c1fb9716","GRE048","45,184678","5,721315"
"589e5114-c524-40f8-99d8-466213217109","GRE268","45,19834","5,73805"
"a53f4f74-125c-4441-9509-465a4e5989a4","GRE264","45,19365","5,73618"
"41a322d7-a066-4a5a-8983-355ba6959cf3","GRE306","45,170019","5,737287"
"eb2e9f17-6b9d-40de-83d4-a174fbc30a27","GRE042","45,17545","5,72051"
"978646a9-c228-47f9-9557-9d674eacf029","GRE202","45,1823","5,7221"
"55b1c619-15b8-4228-b65f-d04442ef54f2","GRE151","45,19746","5,71002"
"bcdaae05-367f-4ec2-b066-53273bdac474","GRE093","45,184113","5,711856"
"81e8298c-91b2-4ed9-ad3d-f03be516b64d","GRE125","45,20435","5,69788"
"56eafb97-74e4-4060-965a-6bab7c1e260e","GRE115","45,181511","5,714349"
"a69ddf69-8694-4769-b176-9dc909fd3070","GRE038","45,176278","5,729625"
"fe646b59-7fcc-437f-8093-29ddbf574cd0","GRE177","45,16258","5,71632"
"3c3ef995-74db-4659-bca9-28f93123294f","GRE103","45,173121","5,704976"
"4c0fa22e-3f29-4289-b0ca-8d4724f88c93","GRE298","45,190103","5,732341"
"152e9793-2fa1-4c24-9738-0e59f4727ca6","GRE052","45,175765","5,712284"
"8214d98e-7937-42ff-9e5f-2cabd166f402","GRE040","45,168736","5,719361"
"0efc656b-d8df-4627-bca5-23c2e68333fb","GRE057","45,179971","5,72731"
"9ef83d38-2ab0-4528-a51c-a8e96766e6c8","GRE138","45,20063","5,70675"
"69a620c6-2a2c-41f3-8046-df23b26e2738","GRE100","45,180144","5,715128"
"01c51334-c648-4b60-ae42-2d6721d684fa","GRE148","45,18599","5,7094"
"ea136c95-41e7-454a-aff0-81d4c993f5ad","GRE025","45,17645","5,73974"
"3a106048-7a3a-44cb-89c2-22b5e17390a8","GRE047","45,181878","5,72416"
"7be8f33e-5864-421b-8926-abb5d023b234","GRE026","45,17605","5,734147"
"0c4da8f2-d414-4734-b88e-cde4b93f50bb","GRE102","45,177124","5,710893"
"d19d69f7-d642-45c2-9a74-bfa1f0e6da95","GRE262","45,20072","5,73547"
"632d92ca-c311-4b75-a16c-6c53d6ac6cdf","GRE084","45,182276","5,725893"
"e44926d6-7363-482e-8d31-dfd68d7fd0f0","GRE068","45,182745","5,709069"
"fbddc695-4fed-42cf-8141-05a2d6507e16","GRE193","45,1791","5,72054"
"99eb51f9-0142-453c-b9ea-71bc4e99e26b","GRE223","45,17038","5,7274"
"e0d8e343-75ea-4aa6-8d8c-f7a2d14c0e01","GRE021","45,182677","5,710515"
"bad74263-c6c9-4152-b618-4512a3019841","GRE033","45,164551","5,723777"
"2df997ab-83ae-4fe7-92c3-8bf3ffb5ba78","GRE191","45,19062","5,72023"
"d843952b-9460-41f1-b930-de4ed90161b2","GRE131","45,17391","5,70517"
"822404e8-80cb-44b1-a16c-a61439869bd8","GRE209","45,16709","5,72351"
"65615acb-a13f-4e56-bdd5-e167765e97a7","GRE083","45,18722","5,729987"
"ae700f53-4058-4487-9b18-ebdfa61ad804","GRE236","45,18689","5,7306"
"4a5f352e-eb5d-4b1b-8b3a-1d5b9c84cb2a","GRE091","45,181097","5,712405"
"f83c2a81-8ded-46cd-9f7a-f0287e8d0f2d","GRE211","45,17836","5,7241"
"51ebb390-8352-4ecf-b283-a46136957fc8","GRE255","45,17428","5,73436"
"b3d49d9f-9420-4b00-b2cd-bf2f4813d04f","GRE271","45,19657","5,73843"
"4c885643-5c13-4c93-957d-aa640e80214a","GRE199","45,19119","5,72156"
"a730772d-3fdf-42b2-8ebd-8fbb927d5b9a","GRE283","45,16728","5,7419"
"ba885f5c-bd37-4d1b-bcf6-e7d15e6afeae","GRE063","45,186329","5,708115"
"a58e2db2-fade-426d-bed5-506f0343f95c","GRE198","45,168","5,72138"
"48cee112-9ec6-4651-92c0-b7596cbbd3af","GRE012","45,172642","5,729097"
"e792f10e-39a5-49ad-b567-c9bb5936f3e7","GRE244","45,180718","5,731859"
"11f59386-228f-43dc-8872-d92afdcd9f4c","GRE187","45,16989","5,7186"
"0ea45aa0-d626-4d84-9e96-587cf2119385","GRE078","45,174122","5,706958"
"cacfbe06-e7a7-4297-b4be-071e74d0dd9a","GRE182","45,18792","5,7177"
"25868dc8-dcc9-4dcb-a792-85078416c10b","GRE123","45,188426","5,736115"
"fa7c0205-004e-4ade-9129-719c35312fb9","GRE224","45,1594","5,72777"
"59fae28e-4c09-40b9-a86b-96af34504281","GRE118","45,18025","5,70709"
"f4061e35-fb5d-4609-920b-e60ca461cd0b","GRE097","45,179791","5,745188"
"2cd02ad9-02b5-4fab-9bcb-5665a6c99bf0","GRE067","45,183998","5,710009"
"7b7ffadc-c64e-4446-91f7-886c70c422a8","GRE069","45,181818","5,709611"
"c27da5e3-a274-481e-a92a-50d237573451","GRE058","45,180004","5,723629"
"75be91a6-83fd-4b32-82b3-2b9678ad06a2","GRE024","45,179255","5,740697"
"f53d4e91-074c-4a6a-9a6c-a7dcdbcdb928","GRE079","45,187007","5,720908"
"98a26799-b390-405a-8236-7211fe0074d2","GRE205","45,190378","5,722747"
"d6808fe4-28f8-418c-8f41-407e402d85ac","GRE206","45,18727","5,72263"
"955485b3-2074-4bcd-ae65-9a501fab4e84","GRE007","45,184172","5,706826"
"29d71a56-9efe-44ef-bf50-08c2a04e6725","GRE043","45,174823","5,719082"
"60f761cc-85dc-46c4-8d29-bb42bcb75833","GRE194","45,16147","5,72058"
"67d07463-f83c-4b66-a13b-0424f961f787","GRE178","45,162465","5,71624"
"a82199b6-ad13-441c-ad57-5d936bb6c681","GRE258","45,19289","5,73505"
"fa719946-2587-4160-9ab7-a375e63eb341","GRE134","45,18256","5,70573"
"9fc63f00-c3ee-48f4-b1ad-33fcb5e80ca6","GRE161","45,18373","5,71168"
"94bba877-37c4-4728-ab16-9dc00b867917","GRE219","45,17564","5,72605"
"c72ad5c9-772a-4a2e-b22a-330ff4122cb7","GRE207","45,191543","5,723074"
"c1eba6b4-ce24-4904-8363-10753e1f2d2b","GRE159","45,17896","5,71118"
"3ddb991d-f93c-4e5a-9616-231caf7e6193","GRE288","45,18031","5,74391"
"14e52abf-e789-472c-84d4-74a0d6f23a20","GRE247","45,186184","5,732669"
"66468746-95a4-4f66-a1d5-d4bcf0398ad2","GRE072","45,188906","5,734529"
"6ea6f8dd-fec5-4969-b825-cb7417b90253","GRE085","45,18118","5,731924"
"8efb37d7-be4d-4bed-acba-a73a205671b0","GRE117","45,19809","5,7184"
"c2de29ca-ea37-4119-a44f-f3ac36c8910c","GRE087","45,176275","5,732628"
"e1f0d9e8-9db2-4624-b64d-5c541d3923cb","GRE013","45,168955","5,722234"
"5f0a15f4-a054-4b75-b7f7-ee2ec068cbc5","GRE238","45,17704","5,7311"
"a6b9e266-4909-46df-b4b1-68d1b478b59b","GRE004","45,181427","5,7413"
"d4d15047-d642-47f8-80be-d6839946f4d1","GRE065","45,185301","5,70926"
"999258de-e78a-498d-9d56-803b3eb1fa1a","GRE195","45,190262","5,721292"
"24052776-2bd4-432e-83d9-9885d62f8500","SMV016","45,212931","5,688784"
"cac1a2ca-1cde-4d80-a6d4-bab1d10e3c95","SMH026","45,180916","5,749977"
"5a3eca62-2838-402c-bce3-afe6b5c20996","SEG001","45,22966","5,68163"
"fec49280-b6c0-41af-a4bf-882f2611b4dd","SEY015","45,155915","5,679689"
"c9b7b311-f4a8-4813-a446-13af68b08b7f","DUA012","45,187335","5,768946"
"c203ef3a-15d4-4f3d-8e07-68b9e6b70748","SEP002","45,174232","5,694117"
"48b34a6f-57ba-431f-a599-03f56fdee83c","GIE005","45,180059","5,78385"
"ef10aeda-0530-49e0-b545-c05a1f9ef35e","EYB006","45,15661","5,73917"
"b4dea1bd-6768-4584-a633-1a08876b241b","DUA005","45,192023","5,758123"
"534382b5-78cb-416b-af26-c2d130748f47","DUA025","45,195037","5,765319"
"8d75418d-1b6d-4659-ba8a-1b479cacf409","SMH003","45,179841","5,764759"
"1003f6da-2f20-4490-b852-a4ef2a807f76","MEY027","45,207611","5,789106"
"06bfe75a-32ed-4095-a3bf-640b175770c2","ECH045","45,158437","5,72133"
"d79b4a26-1c68-40f1-b4dc-7c726ac2b758","PON007","45,12529","5,699743"
"0648c08b-e442-45db-83e5-88250e70599f","ECH011","45,15306","5,71885"
"4f361b8f-ba2f-4303-b291-3d462a860bfa","SEG005","45,233627","5,678211"
"52d4db92-ea67-4240-9335-89b8825f08aa","LAT006","45,200123","5,745295"
"ea735c2a-77c2-4366-84dc-bcfca3652e03","PON013","45,131602","5,696302"
"fe92da1a-e6a1-495f-a326-3f9c4d5637c3","DUA013","45,18868","5,77082"
"090c6105-b648-497c-84f4-08aa8f05744d","ECH027","45,14798","5,71806"
"e577463d-8294-489a-91fb-477b93b0df5a","GRE259","45,19595","5,7352"
"5c160b4b-dea3-4260-9163-f64d611197f9","GRE089","45,179024","5,720269"
"91fbd092-b4db-473c-ad28-dc6234905a71","GRE032","45,166065","5,739769"
"2716c18c-567c-41da-9481-54ff9c00b855","GRE053","45,168315","5,714332"
"fc7b0afe-8e1f-42bc-a122-c817f8b90965","POI002","45,157076","5,762112"
"c7c0c586-7fe3-4687-b006-4433a0d512ed","SMH039","45,178558","5,774262"
"0c063e36-075e-4d93-8f34-12a572a080a6","MEY007","45,20416","5,77567"
"04645edb-c1ac-4798-b3ba-87ced2d8827d","SMH002","45,179759","5,769614"
"21b424c8-8518-4747-8e4a-5e44a561b557","SEP006","45,18274","5,694083"
"84a65473-e635-4cf7-883d-4c55efc965c1","GIE006","45,188268","5,784234"
"3705f342-49ee-4301-98d0-5f4722695f2f","ECH034","45,14942","5,70001"
"5f756bbc-1520-481d-a89f-b819a529f97d","DUA006","45,191562","5,760548"
"52d1b29b-68e1-4a0d-ac73-b6c612596a81","SMH009","45,166977","5,746069"
"16ca7115-23dd-4efc-a131-b5e5d20d9b30","SEG021","45,232773","5,679353"
"abd08715-8fc6-43a7-bdcb-36383a464fe0","DUA023","45,194301","5,765869"
"8fe5b095-1498-405e-9a6e-90ebf6595181","SMH047","45,186005","5,759777"
"30ddccd2-b6d0-4ca8-a9ea-cbc1624fbd7e","SMH001","45,1847","5,77825"
"a725d5fb-a381-4b7a-a9a6-6d429ccabd08","GRE184","45,17357","5,71794"
"0d3ff0cc-9b58-4045-9e48-06e6d280bf89","SMH010","45,165191","5,748599"
"fc4c20f8-80c9-4f85-a9de-c4b49f39a6c4","MEY010","45,20371","5,76287"
"00a497bd-e740-4c08-9bce-764f32d0c647","ECH033","45,152436","5,704289"
"be51877c-9599-4a3c-9096-5ae0665e6da9","FON003","45,197918","5,680465"
"b1afa00e-531c-4ea6-b915-11d86bd14dc5","MEY009","45,223116","5,793161"
"7dad69c6-0dd4-4cad-a2e4-c8889a267c5b","SAS013","45,199796","5,669184"
"bdae8dd7-baaf-4da5-b8b0-492077ba03d1","SEP013","45,17092","5,694198"
"9b965aef-f82c-4dd1-99bd-32b19dcc3247","DUA021","45,192687","5,770696"
"224147f1-e2b2-4d2a-8abb-6ae64e5a5d78","SMV007","45,210098","5,702876"
"6f289569-bda8-44e7-8d49-87ab2edd0d98","SMV001","45,207534","5,707355"
"c74ae51d-76a9-4380-a3da-a08d09659487","SEY012","45,148538","5,67795"
"78a86c82-74cc-4ac2-84a4-0665c599aebb","SEG016","45,237912","5,688644"
"ec7bf82a-ea73-4e87-bbaa-8fa8b08575d2","ECH021","45,145522","5,725493"
"48d83162-006d-43d3-ad3c-627da898f818","EYB002","45,14766","5,75118"
"042e616f-d0b5-4a52-9731-41890ad11b89","SAS018","45,220333","5,663333"
"0fa507b2-c4c6-4d92-a440-75064fcb9577","SMH020","45,183539","5,766142"
"8e2847eb-9fc4-42d0-a0ac-3388eca1d160","MEY020","45,211582","5,773964"
"2259556a-7969-4e55-97ec-9c7f366d19f6","SEP009","45,172454","5,699196"
"073c8e55-cf0b-4dad-8480-c2336e1dbc90","SEP014","45,17542","5,687603"
"4c0e57c0-cd80-4314-8dc6-8dec021a8bbb","SEP004","45,174424","5,696974"
"1919055c-4b5d-47d9-bfb8-90690f60e5fb","SEG002","45,222197","5,689907"
"20e164ef-65de-4b18-bd58-887b98930f8b","MEY024","45,207244","5,784799"
"242a9b2f-4974-45ba-afd5-47ec17180115","MON011","45,228829","5,817534"
"8a0771fe-48cf-45fa-87b5-276c8e453ecc","LAT007","45,20156","5,741762"
"5f8c5f56-fd39-4936-acd8-bc8993022966","EYB005","45,161483","5,743951"
"1e023a8a-78c5-41d6-91dc-550fcffaf2cb","SMH048","45,186281","5,755029"
"34117e03-b13c-4994-a411-bef2cddd7585","FON008","45,190796","5,692825"
"daa93ff2-4507-4538-b1eb-06cc2a875e39","ECH032","45,145435","5,704477"
"4a5cc58e-fe13-4383-8234-996e50c8717d","POI001","45,159359","5,758084"
"e0f771e8-69a4-4941-a730-033dfea08d57","LAT015","45,191789","5,744362"
"38cac121-fd04-49c8-bd29-b21c6a7aeefe","SMH008","45,168852","5,755623"
"0f0d2f9d-9004-4f8b-93c8-1061d7616e3e","FON032","45,198721","5,692845"
"3fdc9176-eaa5-4a7f-904a-b2be987928ad","SMV004","45,215254","5,697623"
"b971c954-0b57-497d-8b89-e93b51084985","SEG018","45,23286","5,6922"
"2fef39b6-af88-4d23-a0f3-c3ee80e60c8d","ECH003","45,145507","5,716716"
"97c77988-8947-4152-bfb1-bf61364d6011","LAT016","45,20994","5,7406"
"2088c448-2fa1-4973-917d-9aeb4f74027b","ECH049","45,13684","5,71214"
"906e99d0-ff3c-4fee-9086-0d4efa90d530","SAS003","45,204663","5,663747"
"47b63a2f-37c8-4db8-b58a-d07edf3e3301","SEY019","45,151242","5,679446"
"c7985b2d-a5e9-4649-8bfe-d612bc4c9a78","SMH033","45,178333","5,769156"
"a6baa9b9-eaaf-4688-96ec-d1950ab38f4b","COR007","45,217312","5,77566"
"d9e82e34-5fb5-4ec9-a273-d337f7b41a69","LAT020","45,20689","5,74392"
"d0a18da0-9b79-4f67-91f5-3dc3bb9c7384","SEY006","45,162322","5,685265"
"567299ee-1d3f-44cc-8198-613e44739a92","SMV011","45,210535","5,699803"
"b298a019-cd80-4a5a-b83d-034cdfbf5d58","FON031","45,188477","5,684712"
"dd74324c-d7dc-4b85-8b4e-eda01fab9a21","ECH019","45,148912","5,721142"
"419d6056-19da-4a89-8490-91245455b922","SEY004","45,164807","5,68912"
"f8f6f38e-8b72-4927-9e84-6b4734b6e9e9","SMH017","45,184204","5,759733"
"942d0a67-ea95-4b66-a636-02f886af145d","EYB013","45,156726","5,751232"
"5b823de0-402a-48f0-a65b-4f173f0463cb","SEP003","45,18115","5,692929"
"33bb2409-0996-48e3-ac9c-354230aaba1c","SMH042","45,184979","5,750288"
"2f336517-1cc2-4a72-9a61-afd2b335aedb","ECH028","45,153265","5,70045"
"2f2349b5-bf97-4c2a-a07d-0bffa6ab873a","FON021","45,188004","5,689657"
"46095718-062f-4f78-ad2c-39fa04a00344","MEY013","45,21787","5,77937"
"fc8a169c-b60b-443e-9fec-8757da69c2de","GIE001","45,185616","5,78552"
"c580df33-5ee1-4672-a163-d4a27b5ac15b","ECH005","45,153412","5,711809"
"41e744d5-2328-46c7-a803-417267005dde","ECH004","45,15684","5,72728"
"0cc516a3-e476-4c24-add0-4a9bcda90580","PON016","45,140056","5,698682"
"62e3f47b-36c2-467b-82ba-a528f07b3cf8","PON008","45,123205","5,698464"
"d072b6e5-2213-4909-a3ce-3a997263d046","PON015","45,135258","5,697214"
"8b54641f-0a05-47ef-83e9-f8645d2545b3","PON017","45,136894","5,708698"
"d93692f4-2bba-42aa-8c95-7d1768f1ce41","GRE293","45,1727","5,7457"
"9fca1c9e-caa1-4909-a9df-eaf8cbf05e18","GRE150","45,1694","5,70998"
"b70298ca-cab3-451e-b700-3a62a0d58000","GRE290","45,174532","5,744858"
"e7b1923f-f538-4c9f-81f4-3bb445f87880","FON004","45,195409","5,69428"
"3c1f3137-7dee-4282-b06b-75a72b495b3e","LAT009","45,198323","5,749414"
"3af4a926-fefd-4cee-b741-d03d149a4a15","ECH025","45,143109","5,719971"
"c1b87e11-2981-49b7-9e3a-550c2cf0e107","MEY012","45,217215","5,800733"
"7ee205b9-dffe-4776-afa7-2a92f8425454","FON017","45,196948","5,696497"
"65ba8ebf-0730-4b03-9acf-e9cd0baf5449","DUA007","45,189738","5,760139"
"08034277-e109-4732-bdce-4b6949f187ff","MEY032","45,20883","5,79777"
"8d5b8dca-490a-4d5d-97cf-28976444c2d4","ECH026","45,13956","5,72017"
"d25d7c32-1f1e-40af-9b33-eded49beb66b","LAT011","45,201082","5,749489"
"ae3733d3-a02e-481a-a3ad-fbbddc1eaaff","SMH032","45,17178","5,768464"
"9420641c-0496-4f94-8c06-73adc8e60daf","ECH006","45,145323","5,691169"
"6dcaae38-f268-482d-ac04-b1464c70ed8f","FON026","45,197496","5,671687"
"69a387de-2bc8-4cb7-a6b1-ee5f54ffb255","SMH043","45,182371","5,750826"
"d809999f-8f9d-43ae-a947-ee7b920ef167","MEY016","45,219303","5,785722"
"02758e9e-cc71-4ef0-999a-1aaa7cc4f914","LAT014","45,203497","5,750957"
"9b57b664-fb73-4d47-b512-09f6fd6e4a2d","ECH035","45,151913","5,69571"
"65adb9e2-57ed-47b9-a8d8-afe256ed36bd","SEY007","45,157388","5,685287"
"b7e5b0d8-c68d-4030-b8be-30f6ffb553c9","LAT001","45,20361","5,736347"
"a9495786-128f-4137-b30a-f7a1d60b8f8f","SMV009","45,216289","5,690486"
"bea942e5-faec-489a-af77-68e0e21b27d8","COR008","45,22132","5,767152"
"df82d96f-9c3e-47e2-ac15-ab103e0515b0","ECH060","45,144518","5,721635"
"02e801d7-229a-41ed-8526-fc7bded932b8","ECH059","45,143641","5,7326"
"d39024da-f964-4fb1-a904-01dca80fcb05","GRE275","45,19162","5,73923"
"e43c1316-51ca-49bd-a800-983bdf65c9c0","POI003","45,159035","5,759414"
"4ec8ad26-46df-4bba-85fc-2d7d890a74bd","ECH044","45,153144","5,722635"
"c0d9e20b-7c2c-4ff3-a83a-daef8de8df44","MEY017","45,20887","5,76297"
"77422bd7-43b3-48ec-9dbb-a71b5887fe51","COR006","45,21344","5,764265"
"1550e970-f32f-4fe3-9458-987ca8081cbc","GRE112","45,18989","5,71326"
"94e58d6a-8623-493f-b28e-68b7c7ab81a0","SAS008","45,213964","5,663502"
"18cd2eb9-f53b-4ec7-a86d-2db21e386c41","COR004","45,212113","5,757951"
"ca51ed67-2384-46bd-9667-f22066900a55","SEY001","45,158588","5,682216"
"57e616ae-4a00-49e8-b6e2-dfa90aabb6c2","ECH058","45,15701","5,715231"
"74cedacb-02f4-434e-bf98-ce26efe8cfac","GRE051","45,167101","5,739515"
"0a5b4345-3af6-4354-af30-db7ca9d2ecaf","EYB017","45,156742","5,737671"
"a00d25ad-cb71-4401-bad4-cbc44eec157f","DUA002","45,194456","5,772734"
"185cc4f4-c25f-4954-82e4-dbfe12777416","SMH038","45,162893","5,749814"
"35e362f1-4ec6-48eb-872f-020a71954dde","GRE088","45,17817","5,734187"
"69eec2e2-2b83-46c6-a6ef-7a8bfa5e99bf","SEP001","45,184738","5,697191"
"575168d7-2793-48ff-936a-9f8ccd17e173","DUA017","45,19067","5,7757"
"7a1836cf-331e-46de-900f-cf3076fa45c6","SAS004","45,213488","5,668904"
"689356bd-b39f-4c84-9ea6-71ad888bf1a9","SMH007","45,178275","5,758796"
"270ccb09-2d9c-4ea9-b85e-c14124e2fae6","DUA029","45,19595","5,77481"
"c0b63b3d-3765-421c-8ef9-588afa48a21d","COR010","45,216585","5,753667"
"810beb31-df7c-4567-afc2-abb137d1cc7a","LAT018","45,20254","5,74459"
"13bbe47c-7336-4549-943a-6befb556fcb4","EYB009","45,153412","5,74623"
"211198d0-8806-4f91-9c05-6452de2460a9","GRE027","45,17219","5,72594"
"90a0bb27-c54a-4699-b258-f79dab31c1b4","SMH030","45,16635","5,76665"
"f46a6ff8-bf81-4f98-9c9c-103745f285b2","MEY001","45,20561","5,75808"
"ae4d3adb-5caa-4ee3-93f6-52e53c0fdc2c","ECH050","45,13776","5,713"
"e8ab68b9-efc1-4a70-ab00-c6d0116eebf2","MON008","45,220551","5,817543"
"9e1e91a8-999d-4311-afb8-81f1be561727","LAT004","45,20674","5,74599"
"735709ea-e7b3-4bf3-bdbe-5ec3e6440a06","SEG012","45,227119","5,673149"
"6727df8c-1c27-4257-8909-e1d68fd8300d","MON003","45,216883","5,804897"
"3becfadc-6da5-42f1-985d-8d4b02371dcb","SEP010","45,179578","5,69673"
"e34663b5-7d4d-40ae-a66a-09727ccb82c0","MON002","45,22346","5,80348"
"fa35fd33-9196-41af-98e0-e45175456837","COR003","45,214573","5,769219"
"8aeef4fc-c310-4346-a78f-a494772db2ce","SEP017","45,180581","5,687435"
"d47e84da-781c-4e12-b028-2d94561981f2","GRE251","45,20085","5,73381"
"e816094d-ef17-4c95-8d6a-1c638d1bd95a","SEY016","45,154464","5,676647"
"18cddd44-6bfb-40ae-bc11-644ef2e45aa5","MON013","45,226289","5,802094"
"0198ed33-9fc8-4b2d-8813-3ec9f3a588c4","MEY019","45,20997","5,783892"
"dd6d7430-5033-4e97-96f2-e4b4fd3ac147","SEG013","45,219828","5,678571"
"f3b9ca1b-5b8b-49cd-a16a-b898a00c0225","ECH022","45,143864","5,723254"
"4decb9c2-5225-4f7c-9d1b-02ce40856b81","GRE265","45,197627","5,736195"
"4b3c5374-a5a2-4b76-ba8e-feffcef9c4ba","ECH029","45,137067","5,716327"
"26bf4007-9734-4f48-80eb-73f49f669291","FON006","45,19755","5,68687"
"8d3fc758-1c74-4158-afd7-2be6be3a3fe4","GRE250","45,16905","5,73325"
"09bb122b-42d9-4bc7-9a32-afbfbbc6f4f6","GRE136","45,16675","5,70593"
"55d7eef5-bc00-4573-86ee-32a8f8e1b0f5","GRE009","45,174574","5,73804"
"610af180-ff9a-49b9-86f3-20b6db85c525","LAT002","45,205335","5,738004"
"0bb92d7a-cef2-4b00-a788-de98e1af6d03","GRE163","45,16722","5,71223"
"6bd3cb32-40cc-426a-9d3f-ad8f7ef6da02","GRE128","45,16146","5,70483"
"b9c10daa-e957-4b51-9fcd-68d204f4b474","GRE129","45,19035","5,70487"
"4d163bf7-7d9e-49aa-86f4-b87147721f49","GRE108","45,1808","5,705713"
"068e4c81-d670-47ac-b9d5-85bcdd2bd4ed","MEY022","45,209415","5,777247"
"cde606a4-0e30-43b8-8c44-873f3ea5130f","GRE230","45,18778","5,72904"
"ed564482-c054-4ed1-8a21-b2d177ad8f0e","GRE041","45,173965","5,721292"
"006c66d2-4be1-4307-8604-0a4d50f09c0e","GRE287","45,185258","5,743417"
"01621743-3319-40d3-a026-b5885ff17d16","GRE176","45,19338","5,71624"
"f3ed1910-1bb6-40d4-870a-ec8c9d445272","GRE286","45,17734","5,74276"
"1c4dc23b-2dc0-499f-a37b-a7c4470a9807","GRE146","45,1845","5,70915"
"6839077e-f588-4f7c-961f-fc0ee4dffb51","GRE154","45,19188","5,71043"
"3fda0cbc-0447-4807-97b9-a89059fb6e6c","GRE179","45,181549","5,71709"
"19d06cc0-0b17-4bb5-8f93-9088799f75ac","GRE183","45,183619","5,717736"
"e1b2c430-a494-4bad-9db5-0d2dfe0e530a","SMV014","45,21292","5,69269"
"eef3ff0f-2f9d-49d4-8d96-fe34655db306","GRE005","45,182453","5,737111"
"3b7d4e8b-da54-4aaf-9a60-029f66b69316","GRE020","45,17981","5,70818"
"f4df033b-6268-4d38-8cb3-bc75d2eee970","GRE284","45,18732","5,74208"
"d5292e7d-9179-40cc-a27a-8620c58512c2","GRE289","45,182882","5,744482"
"673f3292-d3f2-49d4-80bc-a6dff2bcfab1","GRE189","45,18713","5,71915"
"a5b60972-6f4a-4789-878f-15a680362124","ECH043","45,14675","5,732118"
"23d0fd2c-069a-47b6-ad56-50719185f1e2","GRE241","45,18799","5,73155"
"865bd41e-bc81-4456-aa44-7a5dba13e1d0","GRE229","45,18593","5,728583"
"afecd890-09e3-4a47-8d7e-ccf5d9fd2033","GRE173","45,17644","5,71485"
"8c2b6b6f-e340-4af4-96ef-01eae620b351","GRE094","45,168435","5,73002"
"11df56d6-b831-4b27-903f-186e0d174aa1","GRE174","45,17326","5,71423"
"e9e5b3fa-5c12-49b6-b80a-0f020e95649e","GRE137","45,18901","5,70674"
"faaa683f-ea5e-4deb-ae6d-48906b19f15e","GRE168","45,19495","5,71349"
"bac1efff-75fb-47e7-98ff-6a56881bfcc4","PON001","45,138961","5,694811"
"414a87aa-c988-40a4-95c6-13f4f9e02a5d","GRE066","45,184599","5,710739"
"8f106af1-ee13-496a-8c55-7f18dca91d50","GRE113","45,18919","5,71586"
"0419ce32-7757-4a7d-9327-e2928f5a935c","GRE028","45,185114","5,7234"
"e717538b-8395-40bb-8971-7e6f6de53e00","GRE170","45,18393","5,71401"
"838c5542-e450-47c7-b48f-7a6d87299330","GRE130","45,17174","5,7051"
"37f4d800-3456-4e2d-acda-ddae5d43bea3","SEG009","45,227386","5,669992"
"ab51b0fe-7d3a-4bd3-a284-2b6059e15d37","GRE073","45,189619","5,733984"
"86350d2c-29f9-4f5b-bc64-84d774b37f38","GRE014","45,167029","5,720494"
"b454c8f5-7a6c-428b-9116-d8197f7a4c67","GRE126","45,20434","5,70138"
"8093241e-dc5a-44f7-a376-3db6f3882e2a","DUA030","45,19869","5,7743"
"2a74f2a0-4871-4fdf-9f89-441bfe3b83b8","COR011","45,220178","5,762922"
"8eb6bf9f-169f-49b5-b9cf-7899e7514c88","GRE119","45,159464","5,736899"
"a5337953-d261-48a4-93ed-d282d1a9eb29","GRE109","45,18977","5,71806"
"273fc4d1-c13d-42f8-8685-fb4f46bfaa74","GRE030","45,173819","5,745455"
"b2455c93-3f49-4495-8d52-3c6928bedca5","MEY004","45,20998","5,76716"
"ecbadfd3-e16a-47e7-be38-c2f400c77c01","GRE307","45,194986","5,726351"
"2e5ff8f6-7c9c-4d40-83d6-3a9333ccfb99","GRE274","45,17294","5,73887"
"800d77e1-013e-43af-a741-a4bf8d669e02","GRE276","45,188899","5,73874"
"9ef4f2df-4e51-4b1d-a202-5ea47e384bec","GRE299","45,189915","5,723899"
"62b3495c-54e3-44df-91d1-1e0ea096cade","GRE023","45,173774","5,748522"
"d559ce99-3485-4868-84ea-60f635657a4f","MON009","45,224372","5,819455"
"7a4921b1-04de-4440-9075-de04870d6025","GRE135","45,18473","5,7059"
"0f5dc305-4c2b-42a9-a106-99262949b14f","GRE050","45,171146","5,741207"
"5d55dad0-73aa-464f-b741-2e9013445d02","DUA032","45,192502","5,754704"
"f49f51b3-56bb-45f8-97e2-a7b3c37f8c2f","GRE278","45,19985","5,73998"
"dc5f88f3-0edf-4150-b221-93b4056b5c6b","DUA028","45,19452","5,773767"
"12906c42-5f18-447b-8c95-e3b617c4f279","GRE239","45,18194","5,73125"
"591a9330-753d-4874-ab84-3d0b8d7a059d","GIE003","45,182373","5,792109"
"1560b034-bbb4-4f2d-a727-df37cd1dedc1","SEY022","45,15867","5,697432"
"e3581ea6-13a7-4a5c-88d1-3ee0c2cacc0c","SAS001","45,213535","5,661109"
"1fef8ecc-6e5e-4297-ad74-4e5cd0b51159","MEY030","45,208805","5,796255"
"88639de8-9b7f-4683-808b-b2b52c9027c7","ECH008","45,14632","5,703757"
"985b4e35-5ad9-43d2-aa81-ae24f7cfb9ea","ECH061","45,143326","5,737768"
"409299fa-ecff-4645-b787-1a1995993508","FON022","45,18692","5,691778"
"3b9b06d8-3bac-44a6-8b1a-fc9fda38e862","SAS010","45,205073","5,669715"
"d10d12ad-d1c6-4136-9a0a-36a97b28e951","SEY005","45,165857","5,69749"
"970b89d6-183f-400a-bd72-8ea84992983a","GRE116","45,18854","5,72397"
"9cb9c135-3dbe-46dd-8e36-146ad8a44e39","GRE233","45,18894","5,72924"
"127a7f01-0c0d-402c-afd7-32a3e3de55e0","GRE070","45,189071","5,737155"
"52e95a72-38b1-45d8-abdd-acc7cbc2d491","SMH035","45,167215","5,751219"
"a02aea3e-225a-4675-b1b0-63a21482f4e7","Temporaire travaux Marx Dormoy","45,187514","5,707255"
"4931681a-a9ac-4cab-bb5c-0ded09c4f77d","GRE120","45,191505","5,716366"
"ffd5f612-2230-4bb8-8940-84b7b04d1b68","EYB003","45,15322","5,74859"
"714eaf17-f74b-456a-8a20-889e1c781041","SEP018","45,180038","5,695539"
"26312c72-2756-4e9a-bf10-d760eaf1a3bd","LAT010","45,197157","5,748888"
"402323c2-d2f9-4efc-8655-575460ea36fd","ECH031","45,148772","5,704411"
"133a3e00-7249-499b-b067-ad3ed51aa317","EYB015","45,14713","5,76174"
"322ff5b2-cffb-4425-b888-0434ec184a20","EYB014","45,16501","5,74283"
"f63734b3-19b7-470c-aada-b182eb9e4469","SMV010","45,203933","5,716199"
"77b29d3d-9a24-468b-b7eb-ffc3e07dc09e","ECH009","45,157736","5,708657"
"9e62486c-9670-47b7-89d6-c46edf55fc62","DUA001","45,198544","5,777236"
"34e786c5-a70e-4817-a853-851a4d6cd7e5","COR005","45,211137","5,750802"
"0ffaff72-5f2e-465d-81c0-baedffad7eb9","SMH013","45,182911","5,768781"
"237ff03b-ade9-4e08-9749-3de1d2003006","GRE232","45,19503","5,72921"
"70ed9195-1b83-4636-ab1c-b5414592459c","GRE122","45,191243","5,716508"
"594c6329-d035-4bb8-a85a-8bc5ff8db36a","DUA027","45,19174","5,7668"
"30f4097e-4a0d-4740-81c3-ce2e436acff0","DUA020","45,191953","5,766158"
"8e56a536-a3d3-4531-bf7b-6da69cb6f360","GRE295","45,18756","5,74749"
"3fc51d91-2196-48e7-b4f0-f74b9b49e16c","GRE297","45,17872","5,750432"
"06696b1f-bf67-43d6-92da-ca3a2746e0d6","GRE059","45,16557","5,723785"
"220ef704-3e4b-46f8-9244-ec220dbae230","GRE213","45,15965","5,7245"
"b6ada8f7-f303-40a7-a0ad-c73c4f5654e4","GRE037","45,176971","5,727073"
"a964b610-162d-47ed-b0ba-4d3676c8e0ec","GRE019","45,177182","5,709731"
"ac4f762b-15fb-4816-8ba0-27ab942a2923","GRE086","45,180472","5,73431"
"f812101e-ab5e-49b3-9113-5600da1c1415","GRE095","45,175681","5,744106"
"3de61842-fd45-4e2c-b5db-949ae23d31ac","GRE011","45,17236","5,736046"
"c64be9a5-9889-4293-a77d-db9b358ff136","GRE022","45,183255","5,719188"
"ace60dff-98dc-47e9-aa59-eda2b1e0658f","GRE142","45,18273","5,70791"
"fba5dda3-cbba-4f6e-9ad8-8e2f7f39f32d","GRE269","45,20106","5,73825"
"3ad86677-f57c-4d55-8688-3eb4041b387d","GRE249","45,18884","5,73314"
"ea5e26ff-1ce5-4bf6-be65-5676ae6e8945","GRE101","45,179943","5,74874"
"03822daa-a3b5-4479-997e-09d099edb687","GRE222","45,16799","5,72709"
"8d5e621e-3c98-4179-81ff-755d797fd01f","GRE155","45,20021","5,7105"
"d0b3ac8c-71eb-4af1-9446-a987e7ee88f9","GRE153","45,18025","5,71038"
"3b04fd79-7d98-4c87-89e7-423cb95f6239","GRE204","45,18878","5,722476"
"d845e05c-60f1-4423-9c83-b779a8714022","GRE036","45,178253","5,727527"
"abe33a4b-38f1-470f-a2a0-43b746ec47a1","GRE212","45,18277","5,72443"
"d465b8a7-8d14-47e1-aa6d-505b2360c98a","GRE220","45,17944","5,72625"
"90047373-3011-4df5-80f1-cf4f3a028bac","GRE082","45,189316","5,730471"
"cb827208-c21c-4a44-be7d-729013f8a32e","GRE077","45,181949","5,705976"
"bcb50619-8f47-4429-864c-5e00fdf8a365","GRE217","45,16454","5,72552"
"2240c452-cd56-4f46-ab37-12a0a2943f9b","GRE015","45,163443","5,728499"
"f8d93a70-af00-4082-9dc6-e980f815d91b","GRE160","45,19742","5,7116"
"ec8625ab-2560-4703-ad1f-dc8e796e37a6","GRE045","45,182026","5,715194"
"acc3aa9b-9086-4b64-94d7-fb4dcb8911ac","GRE197","45,16441","5,72136"
"e456906e-a509-4922-ab55-5488c282e87b","GRE273","45,18193","5,73885"
"d19cf439-3fa0-4d57-9c49-d8366f5f4cb7","GRE039","45,170846","5,720828"
"334a057c-bd02-46d9-82bc-b50e515654d9","GRE049","45,181564","5,744551"
"06da7230-a5fb-4667-96ae-fdbf789c9eb1","GRE270","45,17924","5,73841"
"0077f4c2-3094-4ed3-9bd4-50715eb88cbf","GRE267","45,17566","5,73752"
"65b9db01-1fb8-4c96-be87-3dd608a02df7","GRE105","45,18312","5,74121"
"befa722f-028c-430d-b984-a6513f89a764","GRE149","45,16018","5,70948"
"0f3c2ee7-aab4-45ed-8882-5cf640711100","GRE003","45,168278","5,739194"
"1ec0a878-cb2d-4a6a-88e9-0b67b984f586","GRE096","45,178104","5,744798"
"d05c4445-175c-4a6f-8b4f-2a746c50d039","GRE092","45,180615","5,729534"
"eaf00612-3920-4a4d-8735-b65c4580fd17","GRE099","45,178625","5,713852"
"5c113050-bff3-445f-9a37-88df43ef791c","GRE046","45,182234","5,720345"
"6cb20e49-aa5c-4136-a306-9d6aee9e9d8c","GRE296","45,18081","5,74838"
"d0529287-fe09-4645-b0a7-d985e2bbf687","GRE260","45,18059","5,73522"
"841497e1-bf1f-4028-ae5b-c44c6fdc0373","GRE294","45,18434","5,74675"
"dc299737-8ac9-4361-ab2b-786ad8bab807","GRE064","45,184872","5,707061"
"f81f291f-aeb6-4cf7-8cf1-ab3d3168ed11","GRE188","45,190646","5,719718"
"4f806091-e48e-4634-beff-7d1951d1a988","GRE034","45,162704","5,719033"
"920388a0-9a42-423d-8b85-87190b5b5dff","GRE169","45,19955","5,71358"
"3efa0eed-ed1e-43ce-903c-040eb7a6661e","GRE018","45,174369","5,72905"
"d6d722db-0095-4e1a-95a9-979f4443f0bf","GRE029","45,180621","5,739783"
"b31a55c6-3e1c-48d1-816e-4a2e7c1ff6ef","GRE002","45,167864","5,736267"
"d4afe28d-7908-4675-988c-58a9773e047a","GRE192","45,18549","5,72042"
"5c4192a8-9175-4dc1-8fc1-c8f888ce0c35","GRE263","45,19088","5,73573"
"3c5fa9d3-287c-4930-8083-a872882d5d66","GRE074","45,168242","5,724989"
"261d24c7-a575-4a1b-a151-70f9b321ac99","GRE196","45,192039","5,721318"
"27ecab5d-9f31-48b8-b964-bc34dfe063c9","GRE279","45,19751","5,74014"
"2262c42b-ca5b-48e6-a0c5-fe001f5b88f6","GRE166","45,18242","5,71288"
"abcf5ec1-ae12-4444-b1df-94ee15076379","GRE076","45,181763","5,707406"
"3c2ec8bd-6264-4bdc-a4f8-6d7a705bd08e","GRE080","45,179295","5,735411"
"c3ac8994-798a-45df-a64a-b9bdce5bd1fe","GRE200","45,183474","5,721575"
"72f8b27c-5618-4d08-b5a9-cc40dd1c3249","GRE253","45,19106","5,73408"
"7e917fbc-ef9e-4044-b971-d123acd5a726","GRE235","45,18349","5,7306"
"308240be-c2d6-43eb-b467-d6f2ca03003e","GRE017","45,180657","5,737958"
"143d0f3b-553e-4f05-8016-919ae174bb7c","GRE201","45,1725","5,72177"
"66c6c490-3243-4de0-83b9-835ae73a60ea","GRE254","45,19728","5,73412"
"441e9d19-6c69-4eb6-acc0-0a6212a9c4e9","GRE139","45,18595","5,70692"
"53f1c8f8-63f5-4ee5-8ebb-e0e738caa688","GRE145","45,17573","5,70903"
"aecc1f7d-4777-43d0-89a9-a70087003d1a","COR001","45,207198","5,755144"
"20fad7c8-1865-40f0-89b5-46f97c359f58","ECH055","45,148182","5,712755"
"920fa2b5-1b85-433e-aa63-55cd080a4172","ECH046","45,14992","5,72447"
"419e5239-90b1-4741-b131-18a06d34347d","GRE216","45,17307","5,72492"
"5602464b-b4e5-4428-8b4d-aba1adb81c14","GRE228","45,16539","5,72847"
"4ad802b0-225c-4a5f-827f-94acaa95ffb7","ECH040","45,145514","5,702984"
"8a8e56fd-2beb-406e-a91d-094e21f193bd","GRE158","45,164729","5,71108"
"3a31a891-7f59-4139-a891-c3364483e906","GRE309","45,195776","5,726677"
"bd9b8db0-e143-40a4-a90a-e661a9989418","SMH005","45,173604","5,755668"
"d79be0a8-e94c-4935-9b80-8a1b519ebacd","MON006","45,219415","5,810497"
"9caa71d2-80f5-4945-9795-0ceaca3e03af","GRE304","45,20335","5,703262"
"ff4a2529-6f94-4efb-a2b3-ae063762238f","SMH034","45,174974","5,762841"
"abede6f8-0550-41cd-9246-a6f76859f3e9","ECH013","45,14512","5,69803"
"74c7c770-08d9-4299-89ab-b920eec8cb3a","SEY018","45,160717","5,695675"
"a2be58f3-b984-47a3-97b2-a72363f0a3dd","SMH004","45,174229","5,757966"
"5bd0c720-99e8-4e28-8d08-14ff75223579","EYB004","45,149063","5,740556"
"91ab0e59-0114-4653-963e-e2d99ff9f4e7","GRE114","45,19066","5,7186"
"e09a02cb-b6eb-4e2e-8819-d19c6abcf7a0","GRE181","45,17587","5,71767"
"7e3d1dcb-7c9a-4c34-83c0-3abdaa5ef5df","WH_Grenoble","45,136657","5,69484"
"192af76f-a95e-4ef5-8285-2507b640fa84","ECH020","45,148208","5,724565"
"d1b276de-b30d-44d0-8c10-44b8b1d6f187","ECH024","45,145834","5,720116"
"bb1b8665-b3ea-4051-8e5b-0a871115f95f","FON014","45,185704","5,690861"
"f4c58437-0783-42d0-a03a-2770b356b557","SEP011","45,18457","5,699491"
"540c5004-6811-42ed-a910-489f2bd4e9bc","MON010","45,233654","5,809444"
"bf9f6d19-5cab-40ea-b30a-8a40291a7a41","SMV008","45,216085","5,69256"
"c0d07142-2634-4078-8bf0-8b999862bbe0","SMH012","45,183582","5,754321"
"5ca5e59b-d881-49cb-95b3-c9b9ba0c54e8","SMH045","45,19062","5,76907"
"8b8828a1-1e49-4f86-bdd8-620e3f96c963","FON019","45,196415","5,676968"
"7029bcc7-b09b-48a9-bc3c-9af24dcb4873","ECH015","45,1451","5,70812"
"633ac669-cb5e-412b-9dbc-543f0a6e50ba","SEY020","45,166919","5,694076"
"2945c506-74a8-45e5-a888-5c4d59e06149","GIE004","45,182379","5,781973"
"aabe2500-db92-4181-afc8-1543f690df8c","FON023","45,19401","5,68016"
"76351137-a698-4462-937b-81e858aee03e","SMH011","45,164686","5,758643"
"e2d72f45-6e1a-4aeb-85d8-e15dd0711d03","ECH030","45,151282","5,709002"
"af1d2401-ba84-4950-8785-a213a3b1e320","MEY011","45,214519","5,781317"
"2890d517-a24e-4550-8cd4-adb06b7f2a32","SEY003","45,16184","5,696731"
"3c19b38e-67a3-42a7-ba1f-b035cb011531","SMH016","45,184179","5,757328"
"58ec088d-4477-4520-b4d4-88e8d37ba00c","SAS012","45,220884","5,65989"
"ce6e958b-42ec-4b4c-9455-ae0b9dc0cba3","SEG022","45,238079","5,688136"
"c3cb225f-f41e-4cd0-873d-254e0057db5c","SMH014","45,182949","5,768778"
"6728e076-43fe-4f92-8637-be6b2fc32845","SMH046","45,171103","5,781304"
"0d553e94-3098-4fe7-81d4-b448e5f404b7","SEP016","45,170608","5,690165"
"08accc74-48dd-43d3-820b-debdc5820a52","MON007","45,22159","5,812707"
"a9a704a1-cf83-41ff-a772-a3b05a01972a","EYB016","45,146873","5,754521"
"18e95a31-2dd9-49ae-a223-519db8ba4b7a","GRE261","45,15688","5,73535"
"d3ccea5a-88ed-403e-9a09-303604ab0b73","SEP012","45,173192","5,687807"
"2d87a1c1-3428-4c07-a135-ad590b83a7da","SMH044","45,186969","5,756621"
"4c136c2a-fa3f-49c7-9e00-58c765c6fe70","SEG007","45,24019","5,66594"
"fba27fba-336e-4f2a-b570-a77fd0e7d451","MON001","45,22793","5,804017"
"80bdb973-b002-4c2f-ae61-a0eef8baf893","SEG015","45,22556","5,687214"
"9838cfab-2072-4a00-8e7a-139df1cc9085","ECH042","45,156517","5,719031"
"0060bbb8-5350-4998-9cfb-ba1e314c1edf","MEY006","45,20957","5,77522"
"e94fc6ce-3e01-405b-aa14-af76dd663e46","MEY031","45,213213","5,797164"
"f0e3a95a-3f56-43fc-a556-80d90009ee34","EYB008","45,154228","5,733849"
"d4d44e72-bfe7-451b-9551-b02c702e8b69","ECH023","45,13953","5,72119"
"f5e063e1-ba6a-43c3-a4cc-95f9c348c944","SAS014","45,213594","5,652592"
"efabccea-c0e6-4118-b3c1-80c001d8aec8","SMH029","45,162735","5,76348"
"5442aea5-fd96-46f0-aa1e-f6231403c2a7","SEP015","45,180045","5,695473"
"7e2cdf37-4da3-4562-a4e8-c76c4363baa0","DUA024","45,195011","5,767339"
"59c98356-5b0c-4e30-b935-1059270c08df","FON016","45,194575","5,687198"
"c55fc304-86d1-463d-8096-e27a32bd7e01","SEG023","45,220418","5,691847"
"3566165e-888d-4f8b-9d01-b049764ef22d","SMH019","45,182847","5,763796"
"8b548b9f-b959-4b60-b781-985bbc941bea","ECH056","45,153607","5,70057"
"6c05e130-24ab-4e51-822d-bd63df2d4357","LAT017","45,21783","5,74928"
"1f630857-4785-4d56-977b-eb6eede0bda1","DUA026","45,192855","5,759762"
"bff10932-0a03-428f-bddb-296101b057d7","DUA031","45,197391","5,77126"
"a155d8aa-ed80-4cde-8538-9030ce1fe95d","DUA004","45,194178","5,77022"
"2543a4b6-4b8e-443b-b8f3-261c8ed7917a","ECH036","45,15213","5,69608"
"fecac7e7-8310-4c8d-b221-1f0414db65ce","ECH002","45,14233","5,72115"
"b38fccbc-18b3-4879-8f69-dcb3eed2b79d","SAS016","45,216657","5,661903"
"1339c886-89de-4d56-8a84-71ee399bbbb7","MEY026","45,211816","5,788658"
"3557d6b9-fde8-4a18-97c4-87b36e38371a","SMH051","45,18481","5,766413"
"08e7c5e5-557c-4ad6-bc6a-f3c30196fc19","FON010","45,194195","5,698588"
"e7189d8f-86fe-45f7-b83a-4ea4e5986dea","DUA019","45,191315","5,771998"
"60c1b8f6-486d-4c57-b02a-37e1c7043c12","FON027","45,188879","5,697259"
"21dfc9f9-e9d9-4503-adf0-2527241b715d","SMH024","45,179295","5,755422"
"3f290c29-3bef-4f67-8e32-d4f676337769","DUA022","45,19404","5,76898"
"edd44799-665a-4092-97de-bf1fa56d0c56","SMH052","45,183601","5,754587"
"30aa8360-3778-4d3b-91e9-52f17de85ee0","SMH022","45,180193","5,757468"
"13992aaf-ae3e-42da-af59-9e128dd5051b","SEY021","45,160741","5,690004"
"b2145a74-6d25-46df-b446-91ff1f584688","ECH016","45,148521","5,717464"
"6a224d80-2a7d-4998-9f07-8bff36a8a296","SEY017","45,152131","5,688864"
"22ce9dae-01a2-4e11-bb9f-621a9c7eaeb5","MON004","45,216097","5,809078"
"7f545b8c-8c49-4342-84ab-305e15bd657a","DUA016","45,191766","5,770292"
"2d72c711-de80-4318-88e9-a6904011850d","GIE002","45,184993","5,78534"
"f12a3b5e-c602-43f8-a121-7ad401bf6875","SMH027","45,167848","5,76201"
"9c8d1448-45ed-44a5-bbb6-b2b38844624c","ECH051","45,143538","5,71396"
"0b182b68-7001-49e5-8d70-a076b9bf8544","SMH037","45,165243","5,745434"
"f601eacf-cb8c-47ba-a9d2-12f4de750c23","EYB007","45,150653","5,742423"
"2bd48bea-7c69-4e45-b1ed-5afde94f15bd","MEY003","45,20562","5,76472"
"842b3dd6-d3a0-4a8c-a79f-540f6e58aa45","SEG010","45,21992","5,686052"
"97eabc41-71c6-44bb-8769-06a12df019a4","FON025","45,191151","5,688843"
"b3ca4ef7-4350-4187-aedf-1f6803447a49","SMH040","45,176697","5,774603"
"a2d03fb7-81aa-4c1a-af06-482949947eb1","SEG019","45,23724","5,66054"
"00fea2e5-d167-4ed7-966f-feb6f2d7363e","DUA009","45,190728","5,761953"
"2dbb4cb6-d73b-4674-a036-4a7045c204e0","SMH018","45,184174","5,763162"
"0765bde4-c131-4a0b-8727-6170634267e8","SEG004","45,235845","5,675372"
"0c832b8f-ebe3-4786-8954-d95b3d911f64","DUA015","45,18924","5,774474"
"ba48805f-6b7e-4cd6-9f9f-4a05a0992dbc","FON005","45,201094","5,680039"
"993a2ff2-ac9c-4712-8ef9-f420aad80fe9","MEY015","45,205867","5,780754"
"4744fe5f-96f5-416f-8e0f-6452317029e8","FON001","45,199926","5,69164"
"ebe08ef8-fdde-4748-9fa9-bc4d0fe4edf3","SMH015","45,182307","5,759821"
"a07b369e-7362-46e4-b076-25312e14a7cf","PON005","45,135786","5,701608"
"366d7263-58d4-4fdd-b285-b8d434c5f731","PON019","45,122717","5,697254"
"7c23227b-155a-4c3c-8b23-d9f47a302402","PON004","45,132203","5,692929"
"86140391-0aee-4ef3-8ed9-8b28cbc98949","PON003","45,124554","5,697897"
"d94f1e41-c8b0-4ea3-a377-2b560fb75936","PON014","45,139581","5,700762"
"0867e969-a058-4aab-bc95-6df833d0bf6c","PON010","45,126893","5,695259"
"dd59c2a3-92e7-4e4c-9ada-488a667f0f8e","PON002","45,13789","5,702586"
"a3839ed9-87dc-4994-91b1-5c68ca553732","GRE133","45,20157","5,70546"
"04652004-f485-4234-a893-84d0e2ecc230","SEG008","45,23564","5,671358"
"ab791a10-0024-44a5-bbfd-8e7349cecd42","GRE248","45,19287","5,73281"
"02466951-4fe5-492f-890c-bfcb860d5aaf","PON006","45,129785","5,695503"
"51f89f26-61a3-4612-b224-b5607a688dcc","SEG003","45,242845","5,670198"
"9daf4e5b-7f31-4397-9ced-da809e60b14b","SEY009","45,165745","5,690436"
"1adf76b4-45d3-4b4b-8225-1fcf94a84102","ECH010","45,143354","5,699955"
"263e0c0f-b833-462d-b6b4-de719084c18f","GRE010","45,173737","5,742017"
"ca077f22-1688-420c-8659-2376c055dfc7","EYB001","45,160596","5,75283"
"bd3b4a9c-7c9d-4b30-9613-d259b57ad70b","FON012","45,195871","5,690591"
"c7198d79-8447-40df-bd04-2fb738d449b8","SMV003","45,216939","5,693213"
"d7f70ed4-0a6c-4225-b55f-f27e97991952","SEG017","45,241521","5,678635"
"66646636-6203-432d-bc74-690219753283","ECH007","45,14612","5,705113"
"043b40e0-9c3f-4731-84c9-f75b341bcacc","FON013","45,199856","5,688983"
"e568710c-c062-48a4-9619-55a488816639","ECH014","45,14494","5,70071"
"e1b6f5dd-23c5-4f6b-9b2e-d9f7ecb0c288","SEG006","45,216693","5,682034"
"3f0f2551-32d9-4909-8d52-5bbfeb3be3ac","LAT019","45,196638","5,752903"
"605a2e37-fb73-424a-8384-cf6559cf9ee8","SMV012","45,200677","5,718038"
"f4381ab4-28b2-4f15-bfb1-e79ab4ee1dcc","MON012","45,231961","5,820898"
"9cb1e88a-9bff-4f56-97dc-3ea40fc979bf","ECH048","45,1532","5,728236"
"7c5fb63f-5cf2-491e-8c4c-38582b04125e","SEY002","45,167353","5,694083"
"187671b0-3069-4bdc-a222-5aea21970951","ECH012","45,154699","5,706172"
"c736a56e-5384-48d0-984d-c065d0ed57ab","SMH049","45,185382","5,763763"
"25f3395d-d736-4406-a35d-8ad471444329","DUA008","45,191884","5,777479"
"4301a63e-daa4-4726-a2bd-e2f3c0d0a13c","LAT003","45,206265","5,741552"
"2ca60f1c-d88f-49a4-97f5-fe5508ed1b2d","SEY014","45,153444","5,679311"
"1ca76c49-fbe9-4aac-a0f7-dacb0425447b","FON015","45,199639","5,683805"
"6fa70f63-0475-4e28-894a-d73081c8df0e","MEY028","45,211585","5,791426"
"159a4bab-33a6-4e9c-bad3-cbaf9c597cbe","SEP008","45,177088","5,699051"
"0db10811-6e58-446b-9497-b39a79844988","SEP005","45,180929","5,696711"
"d31e374e-b4e4-4994-b6f5-360b4aa05619","SEY013","45,153219","5,683514"
"a5b2c21b-b895-409c-b83c-7f21b5470172","SMH050","45,184732","5,765563"
"299e06aa-25d7-4424-8865-e47ff5eb85e5","SMH025","45,181004","5,754785"
"1ff0f47e-acf7-4f98-9d2b-0a07ff941f3b","GRE143","45,19899","5,70839"
"2c296957-7242-4188-9d01-0b701f255296","DUA003","45,194383","5,767769"
"06872b0b-e237-49b5-9df0-0daca3637a42","ECH047","45,150267","5,717247"
"436139a4-51b1-411d-b657-441b8e4f09b0","DUA010","45,190793","5,763382"
"98f380bc-b78d-4b1a-82ed-100890d9f30d","SEG020","45,22346","5,68774"
"a521ff4c-1fc3-4be4-ba61-631ecddd7a2a","GRE071","45,137928","5,70261"
"42dce760-9e15-4b59-8c41-1397cc2a5e15","GIE007","45,187884","5,807932"
"19d7c784-6da9-4a47-86dd-cddee77a0528","PON012","45,130225","5,699759"
"f5e71820-5397-4c58-8d35-496882c12604","ECH041","45,15112","5,70638"
"c26110f4-3de6-4604-b94a-fca29db12c4a","LAT013","45,200181","5,75417"
"7b92850b-5142-4a78-86e8-83d59c651b1e","SMV006","45,212463","5,699931"
"e4a3b9b4-308c-4bd9-8b3e-57947984990e","SMH036","45,16456","5,74991"
"6548b0d4-09bd-4a50-9bff-1e2a9c99c4a3","SEY011","45,170711","5,696849"
"4fb32967-d11f-4b51-837b-86f76848d6ad","SAS015","45,210433","5,670554"
"c43e921f-e7e2-43e0-9e03-b999c2c0c24b","ECH039","45,143279","5,69725"
"ffacb40a-6316-4196-a027-1e077508230b","ECH001","45,147103","5,723232"
"b93b6c11-263c-4f6f-a30b-58c5e655f42d","SAS017","45,218625","5,664893"
"c8ce5a1a-2557-4362-8181-1db958ba60f4","LAT005","45,205937","5,749334"
"a3893ab4-906a-4142-9301-cc02e3653d82","FON024","45,197088","5,693569"
"23171096-2fd8-45a6-a763-2e4fdb1841b8","SMH028","45,173244","5,769279"
"a26f91e6-f056-40ed-b7eb-168438d71d57","EYB012","45,144667","5,741761"
"1c59cbda-39e9-4614-9ccd-b589899832bd","FON020","45,204123","5,681514"
"201f2f9b-ccc5-46c9-98dd-c5d579ee8648","ECH052","45,137652","5,712825"
"d4242bd3-b7ee-4a74-be3b-dedf16f88589","SMV017","45,205877","5,712613"
"55c2c954-d962-4e97-aade-441daa04bbae","SEG014","45,222489","5,675587"
"ff6e6163-17bc-4cbf-bf17-c02603d87480","FON028","45,188848","5,700676"
"1545df1d-a13a-40f5-9983-052b53887436","SEP007","45,177098","5,693651"
"ecc488ef-c412-446f-ae31-090d86570646","MEY002","45,20721","5,7584"
"47dfbe34-de81-42ce-9f4e-3991bb4202a1","ECH017","45,145294","5,717637"
"8a7e82a2-fbf7-4889-b7f7-4a55ea82f97b","SMH023","45,179284","5,762634"
"a68e67cd-f824-4d15-b6be-0dcdedb4eb5a","LAT012","45,197574","5,753134"
"f0c758b7-04c4-467f-ba58-d51548a333ba","COR002","45,210317","5,762289"
"ee29104b-4d3d-42c4-943b-f0f2dd8cc695","SAS007","45,210866","5,665486"
"f6d07fb6-dd00-487c-a6c1-3ab122fafe85","SMV013","45,213326","5,695401"
"bee96f8c-4593-485d-902e-5d2dd377e53d","SAS002","45,21148","5,6727"
"906549ae-ae74-400c-8234-9517637a0120","EYB010","45,14849","5,74796"
"49e4bf0d-60d3-4a2a-964e-a1a90e68e611","GRE185","45,18535","5,71838"
"8a5299fb-2b6b-4530-a58d-e00be6c03d68","GRE245","45,185","5,73243"
"63841be3-cc4d-4c0d-a0bc-9c03ab63cc30","GRE240","45,178278","5,731496"
"4596d23c-eaf0-452f-ad2b-ff50b5c2bf3b","GRE061","45,188237","5,712719"
"f7c07630-f06c-41b6-ae82-66d1ea6f0d68","GRE156","45,194555","5,710722"
"0766a453-7f60-4bf2-afee-5f3262b14ca9","GRE031","45,169616","5,741746"
"77b6b2c3-85fb-44a2-8a91-b50b7a37aecb","GRE282","45,18367","5,74082"
"4e11de26-e296-4a3d-9554-7053cb87f584","GRE152","45,18092","5,71005"
"07e50065-343c-4c63-a3a5-912380e12db6","GRE305","45,185959","5,716373"
"5a6a8655-729b-46d0-bd82-a29f310c522a","GRE127","45,1843","5,70345"
"ad35ef78-9373-4b7b-b38b-6e9668646159","GRE227","45,182772","5,728106"
"6643b0be-98e6-419a-b612-38f837d3b2a1","GRE006","45,184823","5,715504"
"dc1e69a3-4bca-4e8c-a2a1-f7a6fdd00b21","GIE008","45,185961","5,80313"
"715ab7b3-a860-4603-89af-a28901b97dbb","GRE132","45,17797","5,70527"
"6d8325f0-65f5-4a9e-8d3b-3dde92b04c90","GRE107","45,178798","5,716109"
"7d6c4839-963a-4db3-a90f-0237e7dd03c3","GRE301","45,192695","5,724651"
"966fe981-9b17-473f-a615-d19c09ca5bb9","GRE180","45,196171","5,717656"
"2a3f1883-844f-43f5-b40b-25d922a29371","SMV005","45,213948","5,69792"
"6731f33b-812b-487d-974c-9c9e18ff95de","GRE234","45,19587","5,7305"
"2988e712-aa7d-45c8-873e-f43e872534ff","GRE147","45,19298","5,70915"
"9c24eddc-a74c-4666-ad80-cef503b43c6e","EYB011","45,14682","5,74351"
"40e5e420-c5ce-484a-86f4-67410c8fc8c4","GRE231","45,160232","5,72918"
"f09e6234-d6ed-4386-9361-384e5b8db50c","ECH037","45,147987","5,693136"
"3d4bd442-a366-4cac-b8f2-3427ea5f9a7b","GRE141","45,163347","5,707815"
"4c310e09-b86d-4c0b-b799-99a69a29ec55","GRE303","45,201135","5,705605"
"339da385-9fea-46b7-b3f4-b2a515b414c2","MEY029","45,209345","5,794552"
"e1a43e1c-0b94-4af1-9fbd-673c8f1f44b1","GRE090","45,175374","5,716173"
"5462cf2c-5fd7-450d-83c8-696d5d86a0fa","FON030","45,192276","5,7004"
"c71257d9-ba13-4d89-81a5-10fc3382a436","GRE242","45,17372","5,73165"
"cbffb3e3-0023-4651-8208-14a30122c6b3","GRE062","45,188564","5,709583"
"766684bf-05d0-4e6b-8218-d7dc1aa2aac5","FON009","45,191173","5,695788"
"22343714-b7ce-4058-8974-7f84d1d1b2cb","GRE277","45,19273","5,73966"
"04f3599b-786e-40e9-b7e5-e855e3c96999","SMH041","45,187416","5,752158"
"061cf741-9f70-4373-a359-9cddb8d7b96d","MEY008","45,2206","5,79744"
"cbe55196-ddac-4dfa-8750-d94f30c45e74","GRE111","45,190005","5,715671"
"75f82fa1-f7d0-4345-99d4-5fc17edf1c66","GRE300","45,164432","5,718163"
"7dabadeb-1a47-446f-baf9-4b9694413af4","GRE280","45,16916","5,7405"
"80a6975d-de4c-4afc-8b21-2782a17be107","GRE165","45,187188","5,712754"
"21c79e72-9426-4f6a-8a26-3454419ea3e5","GRE266","45,196973","5,737113"
"7a981610-1f9f-480f-9781-7c6c9f8d2b89","GRE055","45,190906","5,70967"
"76d055ab-d821-47c9-897b-881339332b32","GRE291","45,17049","5,74493"
"1591341f-cdb6-4eda-83d0-4bc929ca55ba","GRE246","45,17153","5,73253"
"7637da0a-75fa-43ab-83a8-f9b371d0042f","GRE226","45,188438","5,727988"
"fc896fab-1d66-4910-adf7-7ab416049804","GRE167","45,19173","5,71321"
"2de25ba0-53ec-4f19-b2d4-0a86c1636ba6","GRE285","45,17922","5,74245"
"c7029d4d-b834-4eec-8205-efd792cadda7","GRE035","45,172448","5,713576"
"dacd2df4-6172-4137-a872-de73177a735a","GRE281","45,17803","5,74064"
"b1b5fa6c-08aa-444f-8c15-de8ae40bdc44","GRE237","45,194637","5,730879"
"aa040fdb-726a-4b26-9717-aa27f5057bd9","GRE164","45,170057","5,712264"
"0be4418e-769f-4b15-990b-76fcec0b05c0","GRE215","45,19364","5,72453"
"d47c85e3-55c9-4c39-ab2c-7062ffadc460","ECH053","45,140761","5,711643"
"8ab8254a-7c2b-4331-95f6-a48f286b45b6","SAS006","45,208962","5,667943"
"edb521d8-b86c-41ca-8ad4-ae33f82ca65b","GRE157","45,18634","5,71087"
"5a64ff47-7695-4d25-8e61-36602a4e3406","GRE054","45,189449","5,711309"
"149956f7-5c95-4207-b693-4df6c31cf519","GRE225","45,18128","5,72785"
"baeed9ef-f8eb-4c70-848f-13f55a88d572","GRE210","45,160937","5,723952"
"481c85b8-5250-4cfb-98fd-2506a7f83a3b","GRE016","45,177313","5,736688"
"4ac729f4-482f-4e28-b0a1-6e347f23899a","DUA011","45,191356","5,766606"
"acc57b43-5019-4084-b046-61e00914f3a5","SMH006","45,171776","5,757704"
"e689253b-2218-4c9a-94fb-ed713247d8ac","GRE104","45,185294","5,716739"
"9c839836-ee0f-447f-8ef5-4ae2fea6bb9d","GRE171","45,18582","5,71418"
"b6bc1bd7-c1be-4bef-b5a0-75b02a68a4c1","GRE081","45,189264","5,717267"
"932254a9-d97f-4de0-ada0-4ba802339b20","GRE302","45,168631","5,704891"
"f8b1b988-436c-4fc9-acfe-93c6123fee07","GRE060","45,187023","5,716424"
"07c9da3a-a360-4c87-b2b4-655e56ea26af","GRE292","45,18718","5,74518"
"a1d3ec66-147c-45c5-8260-9897afee51d6","GRE056","45,190836","5,712088"
"322e48e2-5473-4f77-957a-0f08c8e7921a","GRE175","45,194201","5,71497"
"9d4499cd-8ebd-45e0-8402-bef9000d34fb","GRE075","45,179963","5,714594"
"b855a6a4-3448-4e42-b89e-ed24a1f87676","GRE308","45,195222","5,724227"
"ac4340d8-b4af-43ea-9149-b89f84501988","ECH057","45,150697","5,715846"
"344101f3-2833-43bc-bf3d-c77e4671cca0","GRE144","45,18992","5,70881"
"5437f784-4272-4573-8b88-471f1c534b82","GRE124","45,207198","5,697728"
"b724d996-85c8-49dc-aa14-92948e1765ce","MON005","45,213912","5,809958"
"1e822042-f448-43fc-8a86-b3a1386cfb5d","MEY018","45,205228","5,767069"
"0b9948ae-c879-4720-aadf-12f18882548a","FON018","45,192098","5,686319"
"63f2007e-012e-4238-af2f-4413161c02f3","SMH031","45,169393","5,768533"
"4608bb52-437c-4295-a35c-469fbb612892","MEY005","45,20617","5,77277"
"3b568c3b-7f52-4ea8-8a0d-08854fa4a924","MEY035","45,217218","5,783599"
"57e3d55f-1d73-465b-9960-aa38c3dab8e3","SEY010","45,167207","5,696705"
"99abc856-92f6-41c9-9b3b-ebba4bc7105f","DUA014","45,188041","5,772815"
"f41d7d14-32a6-45a0-ba45-ad0030f87c07","SEG011","45,2229","5,684313"
"fb8a7bf7-0750-43a5-9ddd-b0abf69a8fb8","LAT008","45,201897","5,753475"
"badbad92-6972-47a5-aaaa-27104720e9bb","MEY025","45,211377","5,787389"
"3d4e8cf0-36f6-4926-9988-59a8bec6ec0b","MEY014","45,20511","5,77852"
"44028ab6-fedd-47d4-9379-4b3c4ed250f7","SAS011","45,206114","5,668004"
"f49a99e6-677e-48c9-a8a0-85a7ae32c15d","DUA033","45,197","5,7765"
"ea8106ba-1a89-4743-bf89-aee9f974b741","FON029","45,185084","5,68832"
"4ee33e02-cdf1-4e6d-bae5-808b9b28a9e7","ECH062","45,142511","5,725804"
"1dacc4cb-cbdd-4c3d-8662-bbefbdee1301","FON002","45,189074","5,694873"
"c21f6fea-bcc0-4d56-9f01-187ef0e82d6a","GRE257","45,18663","5,73482"
"11941187-906d-406f-9a9e-a72cccc72c21","SMMAG","45,190675","5,736442"
"fec4fc18-8190-486d-9777-ab58aa5f7d22","GRE221","45,18326","5,72645"
"c4ffd8f9-294f-4a77-a0de-21622fcfc75b","GRE218","45,1852","5,72541"
